local_date,winnipeg_temp,temp_category,activity,source,total_energy,sum_total_value,total_price
1990-01-01,-11.59,Very Cold,Exports,Manitoba,10370.84,265947.76,97.09
1990-02-01,-14.69,Extremely Cold,Exports,Manitoba,21304.60,414279.80,64.02
1990-03-01,-4.12,Very Cold,Exports,Manitoba,128348.60,3021472.00,70.43
1990-04-01,2.80,Cold,Exports,Manitoba,127498.80,3029462.00,71.08
1990-05-01,10.33,Cold,Exports,Manitoba,319132.00,5814025.00,51.37
1990-06-01,17.59,Fair,Exports,Manitoba,558642.00,8461481.00,45.73
1990-07-01,19.19,Fair,Exports,Manitoba,769344.00,11007578.00,44.87
1990-08-01,20.02,Fair,Exports,Manitoba,493656.00,7795260.00,46.16
1990-09-01,13.89,Cold,Exports,Manitoba,535102.00,9684967.00,51.72
1990-10-01,5.30,Cold,Exports,Manitoba,515566.00,10433465.00,57.24
1990-11-01,-4.29,Very Cold,Exports,Manitoba,258434.00,5292979.00,62.00
1990-12-01,-16.32,Extremely Cold,Exports,Manitoba,127565.80,2563181.00,61.60
1991-01-01,-18.83,Extremely Cold,Exports,Manitoba,75538.40,1679774.50,72.04
1991-02-01,-9.99,Very Cold,Exports,Manitoba,128788.40,2759350.80,66.04
1991-03-01,-5.36,Very Cold,Exports,Manitoba,346086.00,6226125.00,56.57
1991-04-01,7.21,Cold,Exports,Manitoba,416924.00,7622542.00,57.13
1991-05-01,14.55,Fair,Exports,Manitoba,925638.00,17462602.00,56.09
1991-06-01,18.96,Fair,Exports,Manitoba,734326.00,16307341.00,63.20
1991-07-01,19.72,Fair,Exports,Manitoba,827878.00,13909843.00,49.65
1991-08-01,20.93,Fair,Exports,Manitoba,818596.00,13330958.00,51.98
1991-09-01,12.01,Cold,Exports,Manitoba,657314.00,11589155.00,54.45
1991-10-01,1.84,Cold,Exports,Manitoba,818574.00,14168238.00,50.07
1991-11-01,-8.49,Very Cold,Exports,Manitoba,476074.00,7982698.00,52.82
1991-12-01,-10.91,Very Cold,Exports,Manitoba,406008.00,5925625.00,48.25
1992-01-01,-11.45,Very Cold,Exports,Manitoba,475848.00,7215956.50,35.04
1992-02-01,-10.11,Very Cold,Exports,Manitoba,519372.00,7851037.00,48.24
1992-03-01,-4.31,Very Cold,Exports,Manitoba,582238.00,8876681.00,47.93
1992-04-01,2.51,Cold,Exports,Manitoba,615984.00,10089954.00,49.44
1992-05-01,12.49,Cold,Exports,Manitoba,1306560.00,20028610.00,48.29
1992-06-01,14.94,Cold,Exports,Manitoba,1305540.00,20060591.00,46.86
1992-07-01,15.90,Fair,Exports,Manitoba,1020068.00,16890080.00,40.05
1992-08-01,16.35,Fair,Exports,Manitoba,1093992.00,17953222.00,48.72
1992-09-01,11.02,Cold,Exports,Manitoba,1018884.00,17301625.00,47.83
1992-10-01,4.98,Cold,Exports,Manitoba,1408568.00,23111760.00,45.02
1992-11-01,-4.72,Very Cold,Exports,Manitoba,1595798.00,23910990.00,44.68
1992-12-01,-16.70,Extremely Cold,Exports,Manitoba,1172654.00,18107870.00,46.17
1993-01-01,-14.67,Extremely Cold,Exports,Manitoba,781278.00,12777920.00,49.34
1993-02-01,-14.39,Extremely Cold,Exports,Manitoba,1020630.00,14879420.00,44.43
1993-03-01,-6.39,Very Cold,Exports,Manitoba,1069192.00,16637090.00,46.55
1993-04-01,3.86,Cold,Exports,Manitoba,752522.00,12320320.00,39.37
1993-05-01,11.65,Cold,Exports,Manitoba,1147832.00,40316852.00,61.96
1993-06-01,15.05,Cold,Exports,Manitoba,1117166.00,38948600.00,66.94
1993-07-01,17.71,Fair,Exports,Manitoba,1390540.00,45948930.00,62.26
1993-08-01,17.84,Fair,Exports,Manitoba,1724806.00,43671800.00,46.94
1993-09-01,10.23,Cold,Exports,Manitoba,1724168.00,50470790.00,54.54
1993-10-01,2.77,Cold,Exports,Manitoba,2091517.00,51866090.00,48.57
1993-11-01,-5.46,Very Cold,Exports,Manitoba,1256302.00,38424390.00,56.62
1993-12-01,-11.97,Very Cold,Exports,Manitoba,1572238.00,42423920.00,52.67
1994-01-01,-23.12,Extremely Cold,Exports,Manitoba,1289340.00,38822980.00,55.77
1994-02-01,-17.80,Extremely Cold,Exports,Manitoba,1108036.00,36330420.00,58.17
1994-03-01,-2.36,Very Cold,Exports,Manitoba,1630440.00,46167250.00,56.70
1994-04-01,3.92,Cold,Exports,Manitoba,1205882.00,39818080.00,60.36
1994-05-01,12.42,Cold,Exports,Manitoba,1809574.00,50704390.00,53.34
1994-06-01,17.91,Fair,Exports,Manitoba,1510618.00,52228950.00,66.61
1994-07-01,18.18,Fair,Exports,Manitoba,1578568.00,50037790.00,59.23
1994-08-01,16.55,Fair,Exports,Manitoba,1675346.00,57032350.00,66.33
1994-09-01,14.20,Cold,Exports,Manitoba,1418210.00,51350963.00,68.58
1994-10-01,8.06,Cold,Exports,Manitoba,1538494.00,52734840.00,67.01
1994-11-01,-1.82,Very Cold,Exports,Manitoba,1575384.00,44811460.00,56.15
1994-12-01,-10.69,Very Cold,Exports,Manitoba,1368134.00,41264230.00,57.83
1995-01-01,-16.12,Extremely Cold,Exports,Manitoba,1213638.00,38516970.00,58.93
1995-02-01,-16.16,Very Cold,Exports,Manitoba,1096346.00,37216760.00,61.45
1995-03-01,-5.15,Cold,Exports,Manitoba,1561216.00,45528160.00,61.04
1995-04-01,0.43,Cold,Exports,Manitoba,1465530.00,43803990.00,59.27
1995-05-01,10.56,Cold,Exports,Manitoba,1769334.00,52872530.00,55.31
1995-06-01,20.22,Fair,Exports,Manitoba,1598144.00,50697039.00,56.15
1995-07-01,19.65,Fair,Exports,Manitoba,1588802.00,52636330.00,62.66
1995-08-01,20.00,Fair,Exports,Manitoba,1930408.00,55947550.00,60.53
1995-09-01,12.42,Cold,Exports,Manitoba,1819052.00,50438860.00,49.22
1995-10-01,4.75,Cold,Exports,Manitoba,1891434.00,52198260.00,50.94
1995-11-01,-10.58,Very Cold,Exports,Manitoba,1253660.00,41601787.00,62.86
1995-12-01,-16.45,Extremely Cold,Exports,Manitoba,1090654.00,38270743.00,62.74
1996-01-01,-22.71,Extremely Cold,Exports,Manitoba,1114930.00,38304802.00,65.78
1996-02-01,-15.10,Extremely Cold,Exports,Manitoba,1207180.00,41173414.00,65.77
1996-03-01,-13.01,Very Cold,Exports,Manitoba,1172060.00,47907960.00,74.60
1996-04-01,-1.62,Very Cold,Exports,Manitoba,1477802.00,42976440.00,60.12
1996-05-01,9.35,Cold,Exports,Manitoba,1928350.00,51787850.00,51.19
1996-06-01,18.54,Fair,Exports,Manitoba,2079176.00,54732060.00,52.90
1996-07-01,18.95,Fair,Exports,Manitoba,2198856.00,54145410.00,51.43
1996-08-01,19.27,Fair,Exports,Manitoba,2325080.00,56301820.00,50.60
1996-09-01,13.05,Cold,Exports,Manitoba,1471466.00,43771448.00,60.96
1996-10-01,5.33,Cold,Exports,Manitoba,1751606.00,51012837.00,68.04
1996-11-01,-11.86,Very Cold,Exports,Manitoba,1429466.00,43060395.00,80.36
1996-12-01,-18.36,Extremely Cold,Exports,Manitoba,1482810.00,44946969.00,86.88
1997-01-01,-19.96,Extremely Cold,Exports,Manitoba,1260398.00,42109652.00,97.52
1997-02-01,-13.85,Very Cold,Exports,Manitoba,1455088.00,43131420.10,116.53
1997-03-01,-10.46,Very Cold,Exports,Manitoba,1813830.00,48193432.77,136.94
1997-04-01,-0.78,Cold,Exports,Manitoba,2088539.00,53640978.30,139.75
1997-05-01,8.08,Cold,Exports,Manitoba,2220299.00,52191471.00,113.21
1997-06-01,18.76,Fair,Exports,Manitoba,2221297.00,53157418.77,181.52
1997-07-01,19.54,Fair,Exports,Manitoba,2170878.00,52987388.89,188.21
1997-08-01,17.85,Fair,Exports,Manitoba,2129457.00,54695035.18,145.63
1997-09-01,14.18,Cold,Exports,Manitoba,2092060.00,51521217.99,209.06
1997-10-01,5.09,Cold,Exports,Manitoba,1953490.00,53927186.95,133.40
1997-11-01,-5.69,Very Cold,Exports,Manitoba,1937166.00,55499564.70,166.67
1997-12-01,-5.31,Very Cold,Exports,Manitoba,1971892.00,54315557.46,207.37
1998-01-01,-14.64,Very Cold,Exports,Manitoba,1586776.00,46581979.57,196.21
1998-02-01,-4.61,Very Cold,Exports,Manitoba,1699926.00,47966023.44,170.38
1998-03-01,-5.51,Very Cold,Exports,Manitoba,1832016.00,56186443.12,233.74
1998-04-01,7.89,Cold,Exports,Manitoba,1872878.00,57912746.88,239.03
1998-05-01,12.30,Cold,Exports,Manitoba,2235158.00,69736354.13,277.77
1998-06-01,15.64,Fair,Exports,Manitoba,2135577.00,69722430.35,319.82
1998-07-01,19.23,Fair,Exports,Manitoba,2425604.00,76580588.26,283.80
1998-08-01,20.65,Fair,Exports,Manitoba,2259905.00,76445626.89,254.02
1998-09-01,14.11,Cold,Exports,Manitoba,1705656.00,63776589.03,412.27
1998-10-01,6.65,Cold,Exports,Manitoba,1843636.00,67601763.49,277.78
1998-11-01,-3.15,Very Cold,Exports,Manitoba,986266.00,41669421.00,333.28
1998-12-01,-12.76,Very Cold,Exports,Manitoba,959734.00,38212046.35,307.81
1999-01-01,-17.67,Extremely Cold,Exports,Manitoba,924624.00,40434128.29,267.86
1999-02-01,-7.98,Very Cold,Exports,Manitoba,993432.00,42568824.18,319.77
1999-03-01,-2.40,Very Cold,Exports,Manitoba,1057994.00,45345452.91,272.88
1999-04-01,6.79,Cold,Exports,Manitoba,1545992.00,72139656.03,380.61
1999-05-01,11.99,Cold,Exports,Manitoba,1389220.00,63670467.01,238.07
1999-06-01,16.07,Fair,Exports,Manitoba,1378356.00,65937410.66,399.01
1999-07-01,19.11,Fair,Exports,Manitoba,1752398.00,82266229.36,301.56
1999-08-01,18.15,Fair,Exports,Manitoba,1507978.00,76643565.59,362.35
1999-09-01,11.18,Cold,Exports,Manitoba,1290934.00,50708722.85,251.84
1999-10-01,4.32,Cold,Exports,Manitoba,1457218.00,53557270.95,229.57
1999-11-01,1.34,Cold,Exports,Manitoba,1127532.00,46173965.19,189.52
1999-12-01,-7.99,Very Cold,Exports,Manitoba,1086418.00,46439382.18,329.78
2000-01-01,-16.29,Extremely Cold,Exports,Manitoba,1134818.00,53145800.00,82.18
2000-02-01,-8.06,Very Cold,Exports,Manitoba,1256676.00,51848400.00,57.06
2000-03-01,0.36,Cold,Exports,Manitoba,1606608.00,61416800.00,55.24
2000-04-01,4.62,Cold,Exports,Manitoba,1464150.00,61288400.00,59.32
2000-05-01,11.84,Cold,Exports,Manitoba,1565912.00,71244400.00,67.12
2000-06-01,15.08,Fair,Exports,Manitoba,1417950.00,88006400.00,90.90
2000-07-01,20.17,Fair,Exports,Manitoba,1937484.00,111303400.00,92.66
2000-08-01,19.59,Fair,Exports,Manitoba,2050300.00,115192800.00,91.14
2000-09-01,12.37,Cold,Exports,Manitoba,1889302.00,77664200.00,61.06
2000-10-01,7.13,Cold,Exports,Manitoba,1962312.00,78806600.00,59.78
2000-11-01,-4.50,Very Cold,Exports,Manitoba,1254918.00,61157000.00,64.62
2000-12-01,-20.82,Extremely Cold,Exports,Manitoba,1065772.00,57617400.00,66.72
2001-01-01,-11.76,Very Cold,Exports,Manitoba,1104580.00,65037600.00,114.96
2001-02-01,-17.31,Extremely Cold,Exports,Manitoba,1081014.00,62952600.00,113.28
2001-03-01,-5.32,Very Cold,Exports,Manitoba,1485760.00,87500000.00,115.26
2001-04-01,5.48,Cold,Exports,Manitoba,1506332.00,86607800.00,112.42
2001-05-01,13.17,Cold,Exports,Manitoba,2328120.00,112078600.00,96.28
2001-06-01,16.94,Fair,Exports,Manitoba,2230440.00,112848600.00,101.18
2001-07-01,21.15,Fair,Exports,Manitoba,2340920.00,145031600.00,123.44
2001-08-01,20.26,Fair,Exports,Manitoba,1945660.00,137727800.00,141.58
2001-09-01,14.41,Cold,Exports,Manitoba,1765720.00,84259600.00,95.44
2001-10-01,5.07,Cold,Exports,Manitoba,1412778.00,67114000.00,95.76
2001-11-01,1.52,Cold,Exports,Manitoba,1342934.00,61356800.00,91.38
2001-12-01,-9.48,Very Cold,Exports,Manitoba,970812.00,46677555.70,121.57
2002-01-01,-13.62,Extremely Cold,Exports,Manitoba,1039494.00,49810800.00,95.68
2002-02-01,-9.19,Very Cold,Exports,Manitoba,892742.00,49705200.00,111.18
2002-03-01,-10.89,Very Cold,Exports,Manitoba,1014212.00,60586400.00,119.48
2002-04-01,2.36,Cold,Exports,Manitoba,1118942.00,64842000.00,115.90
2002-05-01,8.66,Cold,Exports,Manitoba,1347356.00,63545600.00,94.32
2002-06-01,18.63,Fair,Exports,Manitoba,1553470.00,80288579.00,117.76
2002-07-01,21.78,Fair,Exports,Manitoba,1696098.00,87535400.00,103.22
2002-08-01,18.99,Fair,Exports,Manitoba,1650268.00,91195600.00,110.52
2002-09-01,14.47,Fair,Exports,Manitoba,1467190.00,69899800.00,95.28
2002-10-01,0.29,Very Cold,Exports,Manitoba,1209780.00,58163200.00,96.16
2002-11-01,-4.88,Very Cold,Exports,Manitoba,889342.00,51322600.00,115.26
2002-12-01,-8.05,Very Cold,Exports,Manitoba,940720.00,54043000.00,114.78
2003-01-01,-14.77,Extremely Cold,Exports,Manitoba,1027072.00,56934800.00,110.86
2003-02-01,-18.19,Extremely Cold,Exports,Manitoba,863636.00,50167800.00,116.18
2003-03-01,-7.39,Cold,Exports,Manitoba,1048948.00,56155600.00,107.08
2003-04-01,5.88,Cold,Exports,Manitoba,1012084.00,55252400.00,109.18
2003-05-01,13.40,Cold,Exports,Manitoba,931768.00,48987600.00,105.14
2003-06-01,17.52,Fair,Exports,Manitoba,934774.00,47813200.00,102.30
2003-07-01,20.31,Fair,Exports,Manitoba,996768.00,60924000.00,122.24
2003-08-01,22.21,Fair,Exports,Manitoba,886346.00,56567600.00,127.64
2003-09-01,13.27,Cold,Exports,Manitoba,311924.00,28473000.00,182.56
2003-10-01,7.21,Cold,Exports,Manitoba,137341.80,22346800.00,325.42
2003-11-01,-6.71,Very Cold,Exports,Manitoba,144778.40,20099000.00,277.66
2003-12-01,-8.79,Very Cold,Exports,Manitoba,188447.60,23757600.00,252.14
2004-01-01,-20.60,Extremely Cold,Exports,Manitoba,218894.00,23526000.00,214.96
2004-02-01,-10.78,Very Cold,Exports,Manitoba,217914.00,25625600.00,235.20
2004-03-01,-5.06,Very Cold,Exports,Manitoba,455948.00,34134800.00,149.74
2004-04-01,3.94,Cold,Exports,Manitoba,361904.00,34342000.00,189.78
2004-05-01,8.00,Cold,Exports,Manitoba,837646.00,59165800.00,141.26
2004-06-01,14.83,Fair,Exports,Manitoba,1202848.00,67258800.00,111.84
2004-07-01,19.04,Fair,Exports,Manitoba,1820372.00,109355600.00,120.14
2004-08-01,15.11,Fair,Exports,Manitoba,1878152.00,107221800.00,114.18
2004-09-01,15.12,Cold,Exports,Manitoba,1718500.00,88438200.00,102.92
2004-10-01,6.48,Cold,Exports,Manitoba,1595992.00,75692400.00,94.86
2004-11-01,-0.19,Cold,Exports,Manitoba,1516452.00,70754800.00,93.32
2004-12-01,-13.89,Very Cold,Exports,Manitoba,1143066.00,60168000.00,105.28
2005-01-01,-18.76,Extremely Cold,Exports,Manitoba,1027120.00,54184400.00,105.50
2005-02-01,-12.43,Very Cold,Exports,Manitoba,1130782.00,58842600.00,104.08
2005-03-01,-6.90,Very Cold,Exports,Manitoba,1607334.00,82926600.00,103.18
2005-04-01,7.79,Cold,Exports,Manitoba,1896154.00,96971200.00,102.28
2005-05-01,10.61,Cold,Exports,Manitoba,2360600.00,97971000.00,83.00
2005-06-01,18.03,Fair,Exports,Manitoba,2360020.00,113541400.00,96.22
2005-07-01,20.79,Fair,Exports,Manitoba,2573560.00,138995200.00,108.02
2005-08-01,18.65,Fair,Exports,Manitoba,2335940.00,113331800.00,97.04
2005-09-01,15.13,Cold,Exports,Manitoba,2114060.00,108594200.00,102.74
2005-10-01,7.46,Cold,Exports,Manitoba,2249840.00,112295200.00,99.82
2005-11-01,-2.28,Very Cold,Exports,Manitoba,1830894.00,79539800.00,86.88
2005-12-01,-8.58,Very Cold,Exports,Manitoba,1475668.00,101930200.00,138.14
2006-01-01,-6.82,Very Cold,Exports,Manitoba,1728738.00,92490400.00,107.00
2006-02-01,-14.78,Very Cold,Exports,Manitoba,1506152.00,79411400.00,105.44
2006-03-01,-5.08,Very Cold,Exports,Manitoba,2003180.00,79274000.00,79.14
2006-04-01,9.71,Cold,Exports,Manitoba,2008680.00,78585200.00,78.24
2006-05-01,12.63,Cold,Exports,Manitoba,2674240.00,111333800.00,83.26
2006-06-01,19.07,Fair,Exports,Manitoba,2478560.00,101260800.00,81.70
2006-07-01,22.47,Fair,Exports,Manitoba,2424040.00,137560000.00,113.50
2006-08-01,20.31,Fair,Exports,Manitoba,2261700.00,119280600.00,105.48
2006-09-01,14.04,Cold,Exports,Manitoba,1247168.00,63109400.00,101.20
2006-10-01,4.24,Cold,Exports,Manitoba,855394.00,54777600.00,128.08
2006-11-01,-3.98,Very Cold,Exports,Manitoba,714048.00,47692600.00,133.58
2006-12-01,-8.55,Very Cold,Exports,Manitoba,765678.00,50788400.00,132.66
2007-01-01,-14.81,Very Cold,Exports,Manitoba,835448.00,55342800.00,132.48
2007-02-01,-17.64,Extremely Cold,Exports,Manitoba,652062.00,52984800.00,162.52
2007-03-01,-4.34,Very Cold,Exports,Manitoba,921578.00,63745000.00,138.34
2007-04-01,4.74,Cold,Exports,Manitoba,1188046.00,80509800.00,135.54
2007-05-01,12.42,Cold,Exports,Manitoba,1936518.00,100336200.00,103.62
2007-06-01,18.07,Fair,Exports,Manitoba,2187720.00,101565400.00,92.86
2007-07-01,22.04,Fair,Exports,Manitoba,2557140.00,110217400.00,86.20
2007-08-01,18.33,Fair,Exports,Manitoba,2718642.00,113468372.29,89.50
2007-09-01,13.71,Cold,Exports,Manitoba,1984296.00,74565400.00,75.16
2007-10-01,7.27,Cold,Exports,Manitoba,1893488.00,68329000.00,72.18
2007-11-01,-3.53,Cold,Exports,Manitoba,1803820.00,76515365.90,141.75
2007-12-01,-14.16,Very Cold,Exports,Manitoba,1043234.00,62339960.99,181.38
2008-01-01,-16.05,Extremely Cold,Exports,Manitoba,1047030.00,53140049.40,146.79
2008-02-01,-17.11,Extremely Cold,Exports,Manitoba,955560.00,54157200.00,113.36
2008-03-01,-7.73,Very Cold,Exports,Manitoba,1134110.00,75326355.51,186.27
2008-04-01,3.75,Cold,Exports,Manitoba,1507296.00,82465600.00,109.42
2008-05-01,9.21,Cold,Exports,Manitoba,1667452.00,77769800.00,93.28
2008-06-01,16.51,Fair,Exports,Manitoba,1603248.00,80864400.00,100.88
2008-07-01,19.50,Fair,Exports,Manitoba,2488940.00,119386400.00,95.94
2008-08-01,20.83,Fair,Exports,Manitoba,2583140.00,112314600.00,86.96
2008-09-01,14.27,Cold,Exports,Manitoba,2296420.00,81151200.00,70.68
2008-10-01,7.73,Cold,Exports,Manitoba,2061900.00,85941800.00,83.36
2008-11-01,-2.56,Very Cold,Exports,Manitoba,1621524.00,75668800.00,93.34
2008-12-01,-18.00,Extremely Cold,Exports,Manitoba,794116.00,54719400.00,137.82
2009-01-01,-17.74,Extremely Cold,Exports,Manitoba,651036.00,42694400.00,131.16
2009-02-01,-12.87,Very Cold,Exports,Manitoba,731870.00,44767600.00,122.34
2009-03-01,-6.70,Very Cold,Exports,Manitoba,813154.00,45597000.00,112.14
2009-04-01,4.52,Cold,Exports,Manitoba,1363202.00,50229400.00,73.70
2009-05-01,9.61,Cold,Exports,Manitoba,1795856.00,52461600.00,58.42
2009-06-01,17.07,Fair,Exports,Manitoba,1864808.00,62376200.00,66.90
2009-07-01,18.37,Fair,Exports,Manitoba,2249860.00,60731800.00,53.98
2009-08-01,18.84,Fair,Exports,Manitoba,2277360.00,63644600.00,55.90
2009-09-01,19.00,Fair,Exports,Manitoba,1961244.00,55439600.00,56.54
2009-10-01,4.50,Cold,Exports,Manitoba,2293620.00,70295200.00,61.30
2009-11-01,2.68,Cold,Exports,Manitoba,1696400.00,53969200.00,63.62
2009-12-01,-13.47,Very Cold,Exports,Manitoba,778242.00,38886200.00,99.94
2010-01-01,-12.41,Very Cold,Exports,Manitoba,960886.00,47081400.00,98.00
2010-02-01,-11.52,Very Cold,Exports,Manitoba,849264.00,41660600.00,98.12
2010-03-01,0.70,Cold,Exports,Manitoba,1420106.00,52381000.00,73.78
2010-04-01,10.01,Cold,Exports,Manitoba,1404092.00,46676800.00,66.48
2010-05-01,13.47,Cold,Exports,Manitoba,851368.00,40211600.00,94.46
2010-06-01,17.77,Fair,Exports,Manitoba,1584928.00,57864800.00,73.02
2010-07-01,21.90,Fair,Exports,Manitoba,2260960.00,74172400.00,65.62
2010-08-01,20.56,Fair,Exports,Manitoba,2282040.00,81563800.00,71.48
2010-09-01,12.94,Cold,Exports,Manitoba,1988610.00,56136800.00,56.46
2010-10-01,9.84,Cold,Exports,Manitoba,2150800.00,61712200.00,57.38
2010-11-01,-2.24,Very Cold,Exports,Manitoba,1452836.00,44634800.00,61.44
2010-12-01,-13.02,Very Cold,Exports,Manitoba,936834.00,36690600.00,78.32
2011-01-01,-17.21,Extremely Cold,Exports,Manitoba,738560.00,31639400.00,85.68
2011-02-01,-12.37,Extremely Cold,Exports,Manitoba,925722.00,31858200.00,68.82
2011-03-01,-8.47,Very Cold,Exports,Manitoba,1365416.00,42578000.00,62.36
2011-04-01,5.54,Cold,Exports,Manitoba,1597210.00,47123000.00,59.00
2011-05-01,11.98,Cold,Exports,Manitoba,2060400.00,53245600.00,51.68
2011-06-01,18.31,Fair,Exports,Manitoba,2035400.00,55382600.00,54.42
2011-07-01,23.04,Fair,Exports,Manitoba,2499600.00,81013800.00,64.82
2011-08-01,21.88,Fair,Exports,Manitoba,2370740.00,72267000.00,60.96
2011-09-01,15.36,Fair,Exports,Manitoba,1639158.00,49885000.00,60.86
2011-10-01,9.71,Cold,Exports,Manitoba,1600090.00,43113000.00,53.88
2011-11-01,-0.92,Very Cold,Exports,Manitoba,1128290.00,39425800.00,69.88
2011-12-01,-6.92,Very Cold,Exports,Manitoba,727052.00,29972400.00,82.44
2012-01-01,-9.48,Very Cold,Exports,Manitoba,745408.00,28832600.00,77.36
2012-02-01,-8.10,Very Cold,Exports,Manitoba,640274.00,27710800.00,86.56
2012-03-01,3.17,Cold,Exports,Manitoba,967058.00,34019200.00,70.36
2012-04-01,6.84,Cold,Exports,Manitoba,915488.00,33046400.00,72.20
2012-05-01,13.14,Cold,Exports,Manitoba,1450522.00,52821400.00,72.84
2012-06-01,18.91,Fair,Exports,Manitoba,1715332.00,52036000.00,60.68
2012-07-01,24.07,Fair,Exports,Manitoba,2414980.00,77149800.00,63.90
2012-08-01,20.58,Fair,Exports,Manitoba,2502940.00,65741800.00,52.54
2012-09-01,14.13,Cold,Exports,Manitoba,2065540.00,53911400.00,52.20
2012-10-01,4.67,Cold,Exports,Manitoba,1221138.00,44802000.00,73.38
2012-11-01,-4.64,Very Cold,Exports,Manitoba,904906.00,35787600.00,79.10
2012-12-01,-13.67,Very Cold,Exports,Manitoba,552986.00,27920200.00,100.98
2013-01-01,-15.16,Extremely Cold,Exports,Manitoba,646534.00,30996600.00,95.88
2013-02-01,-12.21,Very Cold,Exports,Manitoba,752250.00,33490400.00,89.04
2013-03-01,-8.03,Very Cold,Exports,Manitoba,1216138.00,48142200.00,79.18
2013-04-01,-0.04,Very Cold,Exports,Manitoba,1261548.00,50115800.00,79.46
2013-05-01,12.20,Cold,Exports,Manitoba,2205660.00,71403000.00,64.74
2013-06-01,18.72,Fair,Exports,Manitoba,2456560.00,75607200.00,61.56
2013-07-01,20.72,Fair,Exports,Manitoba,2713720.00,88012400.00,64.86
2013-08-01,20.71,Fair,Exports,Manitoba,2729260.00,85214000.00,62.44
2013-09-01,16.47,Fair,Exports,Manitoba,1910980.00,58788600.00,61.52
2013-10-01,6.55,Cold,Exports,Manitoba,2192180.00,70304800.00,64.14
2013-11-01,-4.39,Very Cold,Exports,Manitoba,1145800.00,43502800.00,75.94
2013-12-01,-18.93,Extremely Cold,Exports,Manitoba,558392.00,32679311.00,118.05
2014-01-01,-17.78,Extremely Cold,Exports,Manitoba,593782.00,39442475.00,174.04
2014-02-01,-17.49,Extremely Cold,Exports,Manitoba,539960.00,36301800.00,134.46
2014-03-01,-10.35,Very Cold,Exports,Manitoba,963092.00,48253205.00,101.20
2014-04-01,1.28,Cold,Exports,Manitoba,1380676.00,54080600.00,78.34
2014-05-01,12.52,Cold,Exports,Manitoba,1548490.00,56785400.00,73.34
2014-06-01,17.88,Fair,Exports,Manitoba,2301680.00,72654400.00,63.14
2014-07-01,20.12,Fair,Exports,Manitoba,2531940.00,81476800.00,64.36
2014-08-01,20.29,Fair,Exports,Manitoba,2587740.00,86778800.00,67.06
2014-09-01,14.15,Cold,Exports,Manitoba,1916316.00,60068200.00,62.70
2014-10-01,7.89,Cold,Exports,Manitoba,669218.00,29874800.00,89.28
2014-11-01,-7.39,Very Cold,Exports,Manitoba,1093332.00,45965600.00,84.08
2014-12-01,-8.82,Very Cold,Exports,Manitoba,1016094.00,45539200.00,89.64
2015-01-01,-12.36,Very Cold,Exports,Manitoba,932986.00,45201400.00,96.90
2015-02-01,-17.68,Extremely Cold,Exports,Manitoba,503992.00,33154400.00,131.56
2015-03-01,-1.69,Cold,Exports,Manitoba,1210760.00,51019600.00,84.28
2015-04-01,6.66,Cold,Exports,Manitoba,1696498.00,60307200.00,71.10
2015-05-01,12.13,Cold,Exports,Manitoba,2108360.00,71213000.00,67.56
2015-06-01,19.01,Fair,Exports,Manitoba,1962900.00,72128800.00,73.50
2015-07-01,21.91,Fair,Exports,Manitoba,1907196.00,83374200.00,87.44
2015-08-01,20.04,Fair,Exports,Manitoba,2224160.00,89311600.00,80.32
2015-09-01,16.93,Fair,Exports,Manitoba,1893978.00,78952600.00,83.38
2015-10-01,8.47,Cold,Exports,Manitoba,1597026.00,60703000.00,76.02
2015-11-01,0.24,Cold,Exports,Manitoba,1286606.00,46684200.00,72.56
2015-12-01,-6.56,Very Cold,Exports,Manitoba,1110362.00,47885800.00,86.26
2016-01-01,-13.12,Very Cold,Exports,Manitoba,653908.00,38836600.00,118.78
2016-02-01,-9.66,Very Cold,Exports,Manitoba,962214.00,44035600.00,91.52
2016-03-01,-0.78,Very Cold,Exports,Manitoba,1608616.00,52852000.00,65.72
2016-04-01,3.52,Cold,Exports,Manitoba,1459358.00,47540400.00,65.16
2016-05-01,15.26,Fair,Exports,Manitoba,2212860.00,69618800.00,62.92
2016-06-01,18.51,Fair,Exports,Manitoba,1924186.00,77546600.00,80.60
2016-07-01,20.89,Fair,Exports,Manitoba,2353860.00,96491400.00,81.98
2016-08-01,20.37,Fair,Exports,Manitoba,2078920.00,87902400.00,84.56
2016-09-01,15.13,Fair,Exports,Manitoba,1950806.00,75340800.00,77.24
2016-10-01,7.29,Cold,Exports,Manitoba,1783728.00,72746225.56,99.60
2016-11-01,3.92,Cold,Exports,Manitoba,1782762.00,64802200.00,72.70
2016-12-01,-11.92,Very Cold,Exports,Manitoba,971786.00,51443600.00,105.88
2017-01-01,-11.49,Very Cold,Exports,Manitoba,1281998.00,61586600.00,96.08
2017-02-01,-8.23,Very Cold,Exports,Manitoba,1401258.00,56136800.00,80.12
2017-03-01,-4.76,Very Cold,Exports,Manitoba,1705352.00,70011800.00,82.10
2017-04-01,6.11,Cold,Exports,Manitoba,2134120.00,79891200.00,74.88
2017-05-01,12.58,Cold,Exports,Manitoba,1646044.00,72845400.00,88.50
2017-06-01,18.36,Fair,Exports,Manitoba,2484380.00,93897200.00,75.58
2017-07-01,21.38,Fair,Exports,Manitoba,2319820.00,94866400.00,81.78
2017-08-01,19.59,Fair,Exports,Manitoba,2447320.00,94218800.00,77.00
2017-09-01,15.04,Cold,Exports,Manitoba,1913376.00,71483800.00,74.72
2017-10-01,7.87,Cold,Exports,Manitoba,1271260.00,59907000.00,94.24
2017-11-01,-5.25,Very Cold,Exports,Manitoba,580206.00,40584400.00,139.90
2017-12-01,-12.50,Very Cold,Exports,Manitoba,716584.00,44448200.00,124.06
2018-01-01,-13.51,Extremely Cold,Exports,Manitoba,379812.00,36783600.00,193.70
2018-02-01,-14.69,Extremely Cold,Exports,Manitoba,297626.00,31629600.00,212.54
2018-03-01,-3.55,Very Cold,Exports,Manitoba,963862.00,53593400.00,111.20
2018-04-01,1.39,Cold,Exports,Manitoba,732014.00,49926600.00,136.40
2018-05-01,16.06,Fair,Exports,Manitoba,1266976.00,78484800.00,123.90
2018-06-01,20.58,Fair,Exports,Manitoba,1240650.00,75109000.00,121.08
2018-07-01,21.90,Fair,Exports,Manitoba,1808280.00,92360400.00,102.16
2018-08-01,20.54,Fair,Exports,Manitoba,1451722.00,84923200.00,117.00
2018-09-01,11.89,Cold,Exports,Manitoba,839596.00,60943000.00,145.18
2018-10-01,3.90,Cold,Exports,Manitoba,601272.00,56111000.00,186.64
2018-11-01,-7.29,Very Cold,Exports,Manitoba,539012.00,45794000.00,169.92
2018-12-01,-9.62,Very Cold,Exports,Manitoba,916728.00,60829000.00,132.70
2019-01-01,-16.38,Extremely Cold,Exports,Manitoba,522722.00,44945400.00,171.96
2019-02-01,-17.95,Extremely Cold,Exports,Manitoba,309608.00,35671200.00,230.42
2019-03-01,-5.77,Very Cold,Exports,Manitoba,1026496.00,59173400.00,115.30
2019-04-01,5.09,Cold,Exports,Manitoba,1093014.00,57968800.00,106.08
2019-05-01,11.03,Cold,Exports,Manitoba,1862474.00,89506800.00,96.12
2019-06-01,19.00,Fair,Exports,Manitoba,1769824.00,80719000.00,91.22
2019-07-01,21.82,Fair,Exports,Manitoba,1649926.00,83970200.00,101.78
2019-08-01,19.80,Fair,Exports,Manitoba,1855240.00,83796800.00,90.34
2019-09-01,14.21,Cold,Exports,Manitoba,1939474.00,84003200.00,86.62
2019-10-01,4.11,Cold,Exports,Manitoba,1026310.00,51607000.00,100.56
2019-11-01,-4.52,Very Cold,Exports,Manitoba,1075198.00,58665800.00,109.12
2019-12-01,-10.83,Very Cold,Exports,Manitoba,1229630.00,60782600.00,98.86
2020-01-01,-7.00,Very Cold,Exports,Manitoba,1209304.00,61911200.00,102.40
